"filename", "language", "JSON with Comments", "JSON", "Markdown", "pip requirements", "TypeScript", "JavaScript", "Shell Script", "comment", "blank", "total"
"c:\Users\kunal\Desktop\perojecccttt\wms-project\README.md", "Markdown", 0, 0, 2, 0, 0, 0, 0, 0, 1, 3
"c:\Users\kunal\Desktop\perojecccttt\wms-project\wms-backend\.prettierrc", "JSON", 0, 5, 0, 0, 0, 0, 0, 0, 1, 6
"c:\Users\kunal\Desktop\perojecccttt\wms-project\wms-backend\README.md", "Markdown", 0, 0, 68, 0, 0, 0, 0, 2, 29, 99
"c:\Users\kunal\Desktop\perojecccttt\wms-project\wms-backend\eslint.config.mjs", "JavaScript", 0, 0, 0, 0, 0, 33, 0, 1, 2, 36
"c:\Users\kunal\Desktop\perojecccttt\wms-project\wms-backend\install.sh", "Shell Script", 0, 0, 0, 0, 0, 0, 31, 4, 8, 43
"c:\Users\kunal\Desktop\perojecccttt\wms-project\wms-backend\nest-cli.json", "JSON", 0, 8, 0, 0, 0, 0, 0, 0, 1, 9
"c:\Users\kunal\Desktop\perojecccttt\wms-project\wms-backend\package-lock.json", "JSON", 0, 12036, 0, 0, 0, 0, 0, 0, 1, 12037
"c:\Users\kunal\Desktop\perojecccttt\wms-project\wms-backend\package.json", "JSON", 0, 98, 0, 0, 0, 0, 0, 0, 1, 99
"c:\Users\kunal\Desktop\perojecccttt\wms-project\wms-backend\requirements.txt", "pip requirements", 0, 0, 0, 24, 0, 0, 0, 5, 5, 34
"c:\Users\kunal\Desktop\perojecccttt\wms-project\wms-backend\src\app.controller.spec.ts", "TypeScript", 0, 0, 0, 0, 18, 0, 0, 0, 5, 23
"c:\Users\kunal\Desktop\perojecccttt\wms-project\wms-backend\src\app.controller.ts", "TypeScript", 0, 0, 0, 0, 10, 0, 0, 0, 3, 13
"c:\Users\kunal\Desktop\perojecccttt\wms-project\wms-backend\src\app.module.ts", "TypeScript", 0, 0, 0, 0, 38, 0, 0, 4, 7, 49
"c:\Users\kunal\Desktop\perojecccttt\wms-project\wms-backend\src\app.service.ts", "TypeScript", 0, 0, 0, 0, 7, 0, 0, 0, 2, 9
"c:\Users\kunal\Desktop\perojecccttt\wms-project\wms-backend\src\common\guards\admin.guard.ts", "TypeScript", 0, 0, 0, 0, 17, 0, 0, 1, 3, 21
"c:\Users\kunal\Desktop\perojecccttt\wms-project\wms-backend\src\common\guards\jwt-auth.guard.ts", "TypeScript", 0, 0, 0, 0, 4, 0, 0, 0, 1, 5
"c:\Users\kunal\Desktop\perojecccttt\wms-project\wms-backend\src\common\interfaces\user.interface.ts", "TypeScript", 0, 0, 0, 0, 4, 0, 0, 0, 0, 4
"c:\Users\kunal\Desktop\perojecccttt\wms-project\wms-backend\src\config\configuration.ts", "TypeScript", 0, 0, 0, 0, 10, 0, 0, 0, 2, 12
"c:\Users\kunal\Desktop\perojecccttt\wms-project\wms-backend\src\config\env.validation.ts", "TypeScript", 0, 0, 0, 0, 9, 0, 0, 0, 3, 12
"c:\Users\kunal\Desktop\perojecccttt\wms-project\wms-backend\src\database\database.module.ts", "TypeScript", 0, 0, 0, 0, 40, 0, 0, 1, 3, 44
"c:\Users\kunal\Desktop\perojecccttt\wms-project\wms-backend\src\main.ts", "TypeScript", 0, 0, 0, 0, 15, 0, 0, 7, 6, 28
"c:\Users\kunal\Desktop\perojecccttt\wms-project\wms-backend\src\modules\auth\auth.controller.ts", "TypeScript", 0, 0, 0, 0, 11, 0, 0, 0, 3, 14
"c:\Users\kunal\Desktop\perojecccttt\wms-project\wms-backend\src\modules\auth\auth.module.ts", "TypeScript", 0, 0, 0, 0, 22, 0, 0, 0, 2, 24
"c:\Users\kunal\Desktop\perojecccttt\wms-project\wms-backend\src\modules\auth\auth.service.ts", "TypeScript", 0, 0, 0, 0, 51, 0, 0, 0, 16, 67
"c:\Users\kunal\Desktop\perojecccttt\wms-project\wms-backend\src\modules\auth\jwt.strategy.ts", "TypeScript", 0, 0, 0, 0, 18, 0, 0, 0, 2, 20
"c:\Users\kunal\Desktop\perojecccttt\wms-project\wms-backend\src\modules\finance\billing\billing.controller.ts", "TypeScript", 0, 0, 0, 0, 3, 0, 0, 0, 3, 6
"c:\Users\kunal\Desktop\perojecccttt\wms-project\wms-backend\src\modules\finance\billing\billing.module.ts", "TypeScript", 0, 0, 0, 0, 9, 0, 0, 0, 3, 12
"c:\Users\kunal\Desktop\perojecccttt\wms-project\wms-backend\src\modules\finance\billing\billing.service.ts", "TypeScript", 0, 0, 0, 0, 3, 0, 0, 0, 3, 6
"c:\Users\kunal\Desktop\perojecccttt\wms-project\wms-backend\src\modules\finance\billing\entities\billing.entity.ts", "TypeScript", 0, 0, 0, 0, 6, 0, 0, 0, 5, 11
"c:\Users\kunal\Desktop\perojecccttt\wms-project\wms-backend\src\modules\finance\payment\entities\payment.entity.ts", "TypeScript", 0, 0, 0, 0, 6, 0, 0, 0, 5, 11
"c:\Users\kunal\Desktop\perojecccttt\wms-project\wms-backend\src\modules\finance\payment\payment.controller.ts", "TypeScript", 0, 0, 0, 0, 3, 0, 0, 0, 3, 6
"c:\Users\kunal\Desktop\perojecccttt\wms-project\wms-backend\src\modules\finance\payment\payment.module.ts", "TypeScript", 0, 0, 0, 0, 9, 0, 0, 0, 3, 12
"c:\Users\kunal\Desktop\perojecccttt\wms-project\wms-backend\src\modules\finance\payment\payment.service.ts", "TypeScript", 0, 0, 0, 0, 3, 0, 0, 0, 3, 6
"c:\Users\kunal\Desktop\perojecccttt\wms-project\wms-backend\src\modules\inventory\bag\bag.controller.ts", "TypeScript", 0, 0, 0, 0, 32, 0, 0, 0, 7, 39
"c:\Users\kunal\Desktop\perojecccttt\wms-project\wms-backend\src\modules\inventory\bag\bag.module.ts", "TypeScript", 0, 0, 0, 0, 19, 0, 0, 0, 3, 22
"c:\Users\kunal\Desktop\perojecccttt\wms-project\wms-backend\src\modules\inventory\bag\bag.service.ts", "TypeScript", 0, 0, 0, 0, 191, 0, 0, 17, 73, 281
"c:\Users\kunal\Desktop\perojecccttt\wms-project\wms-backend\src\modules\inventory\bag\entities\bag.entity.ts", "TypeScript", 0, 0, 0, 0, 45, 0, 0, 3, 17, 65
"c:\Users\kunal\Desktop\perojecccttt\wms-project\wms-backend\src\modules\inventory\bag\entities\bag_status.enum.ts", "TypeScript", 0, 0, 0, 0, 7, 0, 0, 0, 0, 7
"c:\Users\kunal\Desktop\perojecccttt\wms-project\wms-backend\src\modules\inventory\bag\entities\lot_counter.entity.ts", "TypeScript", 0, 0, 0, 0, 8, 0, 0, 0, 5, 13
"c:\Users\kunal\Desktop\perojecccttt\wms-project\wms-backend\src\modules\inventory\chamber\chamber.controller.ts", "TypeScript", 0, 0, 0, 0, 27, 0, 0, 1, 14, 42
"c:\Users\kunal\Desktop\perojecccttt\wms-project\wms-backend\src\modules\inventory\chamber\chamber.module.ts", "TypeScript", 0, 0, 0, 0, 13, 0, 0, 0, 3, 16
"c:\Users\kunal\Desktop\perojecccttt\wms-project\wms-backend\src\modules\inventory\chamber\chamber.service.ts", "TypeScript", 0, 0, 0, 0, 84, 0, 0, 23, 52, 159
"c:\Users\kunal\Desktop\perojecccttt\wms-project\wms-backend\src\modules\inventory\chamber\dto\chamber.dto.ts", "TypeScript", 0, 0, 0, 0, 12, 0, 0, 1, 4, 17
"c:\Users\kunal\Desktop\perojecccttt\wms-project\wms-backend\src\modules\inventory\chamber\entities\chamber.entity.ts", "TypeScript", 0, 0, 0, 0, 31, 0, 0, 0, 14, 45
"c:\Users\kunal\Desktop\perojecccttt\wms-project\wms-backend\src\modules\inventory\level\dto\level.dto.ts", "TypeScript", 0, 0, 0, 0, 6, 0, 0, 0, 2, 8
"c:\Users\kunal\Desktop\perojecccttt\wms-project\wms-backend\src\modules\inventory\level\entities\level.entity.ts", "TypeScript", 0, 0, 0, 0, 21, 0, 0, 0, 10, 31
"c:\Users\kunal\Desktop\perojecccttt\wms-project\wms-backend\src\modules\inventory\level\level.controller.ts", "TypeScript", 0, 0, 0, 0, 28, 0, 0, 2, 15, 45
"c:\Users\kunal\Desktop\perojecccttt\wms-project\wms-backend\src\modules\inventory\level\level.module.ts", "TypeScript", 0, 0, 0, 0, 13, 0, 0, 0, 3, 16
"c:\Users\kunal\Desktop\perojecccttt\wms-project\wms-backend\src\modules\inventory\level\level.service.ts", "TypeScript", 0, 0, 0, 0, 83, 0, 0, 6, 52, 141
"c:\Users\kunal\Desktop\perojecccttt\wms-project\wms-backend\src\modules\inventory\lot-location\dto\lot-location.dto.ts", "TypeScript", 0, 0, 0, 0, 9, 0, 0, 0, 3, 12
"c:\Users\kunal\Desktop\perojecccttt\wms-project\wms-backend\src\modules\inventory\lot-location\entities\lot-location.entity.ts", "TypeScript", 0, 0, 0, 0, 25, 0, 0, 0, 9, 34
"c:\Users\kunal\Desktop\perojecccttt\wms-project\wms-backend\src\modules\inventory\lot-location\lot-location.controller.ts", "TypeScript", 0, 0, 0, 0, 18, 0, 0, 3, 5, 26
"c:\Users\kunal\Desktop\perojecccttt\wms-project\wms-backend\src\modules\inventory\lot-location\lot-location.module.ts", "TypeScript", 0, 0, 0, 0, 14, 0, 0, 0, 1, 15
"c:\Users\kunal\Desktop\perojecccttt\wms-project\wms-backend\src\modules\inventory\lot-location\lot-location.service.ts", "TypeScript", 0, 0, 0, 0, 283, 0, 0, 86, 104, 473
"c:\Users\kunal\Desktop\perojecccttt\wms-project\wms-backend\src\modules\inventory\lot\dto\lot.dto.ts", "TypeScript", 0, 0, 0, 0, 11, 0, 0, 3, 3, 17
"c:\Users\kunal\Desktop\perojecccttt\wms-project\wms-backend\src\modules\inventory\lot\entities\lot.entity.ts", "TypeScript", 0, 0, 0, 0, 44, 0, 0, 16, 26, 86
"c:\Users\kunal\Desktop\perojecccttt\wms-project\wms-backend\src\modules\inventory\lot\lot.controller.ts", "TypeScript", 0, 0, 0, 0, 36, 0, 0, 0, 13, 49
"c:\Users\kunal\Desktop\perojecccttt\wms-project\wms-backend\src\modules\inventory\lot\lot.module.ts", "TypeScript", 0, 0, 0, 0, 15, 0, 0, 0, 2, 17
"c:\Users\kunal\Desktop\perojecccttt\wms-project\wms-backend\src\modules\inventory\lot\lot.service.ts", "TypeScript", 0, 0, 0, 0, 118, 0, 0, 84, 62, 264
"c:\Users\kunal\Desktop\perojecccttt\wms-project\wms-backend\src\modules\inventory\lot\utils\lotCode.ts", "TypeScript", 0, 0, 0, 0, 7, 0, 0, 0, 1, 8
"c:\Users\kunal\Desktop\perojecccttt\wms-project\wms-backend\src\modules\inventory\rack\dto\rack.dto.ts", "TypeScript", 0, 0, 0, 0, 11, 0, 0, 0, 3, 14
"c:\Users\kunal\Desktop\perojecccttt\wms-project\wms-backend\src\modules\inventory\rack\entities\rack.entity.ts", "TypeScript", 0, 0, 0, 0, 35, 0, 0, 0, 14, 49
"c:\Users\kunal\Desktop\perojecccttt\wms-project\wms-backend\src\modules\inventory\rack\entities\rack_status.enum.ts", "TypeScript", 0, 0, 0, 0, 7, 0, 0, 0, 1, 8
"c:\Users\kunal\Desktop\perojecccttt\wms-project\wms-backend\src\modules\inventory\rack\rack.controller.ts", "TypeScript", 0, 0, 0, 0, 27, 0, 0, 1, 14, 42
"c:\Users\kunal\Desktop\perojecccttt\wms-project\wms-backend\src\modules\inventory\rack\rack.module.ts", "TypeScript", 0, 0, 0, 0, 14, 0, 0, 0, 3, 17
"c:\Users\kunal\Desktop\perojecccttt\wms-project\wms-backend\src\modules\inventory\rack\rack.service.ts", "TypeScript", 0, 0, 0, 0, 83, 0, 0, 6, 53, 142
"c:\Users\kunal\Desktop\perojecccttt\wms-project\wms-backend\src\modules\inventory\warehouse\dto\wareHouse.dto.ts", "TypeScript", 0, 0, 0, 0, 20, 0, 0, 0, 6, 26
"c:\Users\kunal\Desktop\perojecccttt\wms-project\wms-backend\src\modules\inventory\warehouse\entities\warehouse.entity.ts", "TypeScript", 0, 0, 0, 0, 56, 0, 0, 5, 18, 79
"c:\Users\kunal\Desktop\perojecccttt\wms-project\wms-backend\src\modules\inventory\warehouse\utils\formatCode.utils.ts", "TypeScript", 0, 0, 0, 0, 11, 0, 0, 0, 1, 12
"c:\Users\kunal\Desktop\perojecccttt\wms-project\wms-backend\src\modules\inventory\warehouse\warehouse.controller.ts", "TypeScript", 0, 0, 0, 0, 45, 0, 0, 0, 7, 52
"c:\Users\kunal\Desktop\perojecccttt\wms-project\wms-backend\src\modules\inventory\warehouse\warehouse.module.ts", "TypeScript", 0, 0, 0, 0, 12, 0, 0, 0, 3, 15
"c:\Users\kunal\Desktop\perojecccttt\wms-project\wms-backend\src\modules\inventory\warehouse\warehouse.service.ts", "TypeScript", 0, 0, 0, 0, 71, 0, 0, 13, 47, 131
"c:\Users\kunal\Desktop\perojecccttt\wms-project\wms-backend\src\modules\operations\inward-confirm\dto\inward-confirm.dto.ts", "TypeScript", 0, 0, 0, 0, 17, 0, 0, 0, 8, 25
"c:\Users\kunal\Desktop\perojecccttt\wms-project\wms-backend\src\modules\operations\inward-confirm\entities\inward.entity.ts", "TypeScript", 0, 0, 0, 0, 4, 0, 0, 0, 3, 7
"c:\Users\kunal\Desktop\perojecccttt\wms-project\wms-backend\src\modules\operations\inward-confirm\inward-confirm.controller.ts", "TypeScript", 0, 0, 0, 0, 20, 0, 0, 0, 5, 25
"c:\Users\kunal\Desktop\perojecccttt\wms-project\wms-backend\src\modules\operations\inward-confirm\inward-confirm.module.ts", "TypeScript", 0, 0, 0, 0, 16, 0, 0, 0, 2, 18
"c:\Users\kunal\Desktop\perojecccttt\wms-project\wms-backend\src\modules\operations\inward-confirm\inward-confirm.service.ts", "TypeScript", 0, 0, 0, 0, 300, 0, 0, 28, 97, 425
"c:\Users\kunal\Desktop\perojecccttt\wms-project\wms-backend\src\modules\operations\inward\dto\createInwardDto.ts", "TypeScript", 0, 0, 0, 0, 6, 0, 0, 0, 3, 9
"c:\Users\kunal\Desktop\perojecccttt\wms-project\wms-backend\src\modules\operations\inward\dto\linkLotDto.ts", "TypeScript", 0, 0, 0, 0, 6, 0, 0, 0, 2, 8
"c:\Users\kunal\Desktop\perojecccttt\wms-project\wms-backend\src\modules\operations\inward\entities\inward.entity.ts", "TypeScript", 0, 0, 0, 0, 44, 0, 0, 0, 12, 56
"c:\Users\kunal\Desktop\perojecccttt\wms-project\wms-backend\src\modules\operations\inward\entities\inward_status.enum.ts", "TypeScript", 0, 0, 0, 0, 6, 0, 0, 0, 0, 6
"c:\Users\kunal\Desktop\perojecccttt\wms-project\wms-backend\src\modules\operations\inward\inward.controller.ts", "TypeScript", 0, 0, 0, 0, 32, 0, 0, 4, 7, 43
"c:\Users\kunal\Desktop\perojecccttt\wms-project\wms-backend\src\modules\operations\inward\inward.module.ts", "TypeScript", 0, 0, 0, 0, 15, 0, 0, 0, 3, 18
"c:\Users\kunal\Desktop\perojecccttt\wms-project\wms-backend\src\modules\operations\inward\inward.service.ts", "TypeScript", 0, 0, 0, 0, 131, 0, 0, 2, 34, 167
"c:\Users\kunal\Desktop\perojecccttt\wms-project\wms-backend\src\modules\operations\outward\dto\dispatchSession.dto.ts", "TypeScript", 0, 0, 0, 0, 24, 0, 0, 0, 5, 29
"c:\Users\kunal\Desktop\perojecccttt\wms-project\wms-backend\src\modules\operations\outward\dto\scan_bag.dto.ts", "TypeScript", 0, 0, 0, 0, 6, 0, 0, 0, 1, 7
"c:\Users\kunal\Desktop\perojecccttt\wms-project\wms-backend\src\modules\operations\outward\entities\dispatchSession.entity.ts", "TypeScript", 0, 0, 0, 0, 35, 0, 0, 0, 13, 48
"c:\Users\kunal\Desktop\perojecccttt\wms-project\wms-backend\src\modules\operations\outward\entities\dispatch_scans.entity.ts", "TypeScript", 0, 0, 0, 0, 13, 0, 0, 0, 5, 18
"c:\Users\kunal\Desktop\perojecccttt\wms-project\wms-backend\src\modules\operations\outward\entities\outward.entity.ts", "TypeScript", 0, 0, 0, 0, 13, 0, 0, 0, 3, 16
"c:\Users\kunal\Desktop\perojecccttt\wms-project\wms-backend\src\modules\operations\outward\entities\outward_Status.enum.ts", "TypeScript", 0, 0, 0, 0, 6, 0, 0, 0, 0, 6
"c:\Users\kunal\Desktop\perojecccttt\wms-project\wms-backend\src\modules\operations\outward\outward.controller.ts", "TypeScript", 0, 0, 0, 0, 3, 0, 0, 0, 3, 6
"c:\Users\kunal\Desktop\perojecccttt\wms-project\wms-backend\src\modules\operations\outward\outward.module.ts", "TypeScript", 0, 0, 0, 0, 9, 0, 0, 0, 3, 12
"c:\Users\kunal\Desktop\perojecccttt\wms-project\wms-backend\src\modules\operations\outward\outward.service.ts", "TypeScript", 0, 0, 0, 0, 127, 0, 0, 2, 31, 160
"c:\Users\kunal\Desktop\perojecccttt\wms-project\wms-backend\src\modules\partner\customer\customer.controller.ts", "TypeScript", 0, 0, 0, 0, 47, 0, 0, 2, 7, 56
"c:\Users\kunal\Desktop\perojecccttt\wms-project\wms-backend\src\modules\partner\customer\customer.module.ts", "TypeScript", 0, 0, 0, 0, 15, 0, 0, 0, 3, 18
"c:\Users\kunal\Desktop\perojecccttt\wms-project\wms-backend\src\modules\partner\customer\customer.service.ts", "TypeScript", 0, 0, 0, 0, 116, 0, 0, 0, 31, 147
"c:\Users\kunal\Desktop\perojecccttt\wms-project\wms-backend\src\modules\partner\customer\dto\create-customer.dto.ts", "TypeScript", 0, 0, 0, 0, 18, 0, 0, 0, 4, 22
"c:\Users\kunal\Desktop\perojecccttt\wms-project\wms-backend\src\modules\partner\customer\dto\update-customer.dto.ts", "TypeScript", 0, 0, 0, 0, 3, 0, 0, 0, 1, 4
"c:\Users\kunal\Desktop\perojecccttt\wms-project\wms-backend\src\modules\partner\customer\entities\customer.entity.ts", "TypeScript", 0, 0, 0, 0, 30, 0, 0, 0, 13, 43
"c:\Users\kunal\Desktop\perojecccttt\wms-project\wms-backend\src\modules\partner\farmer\entities\farmer.entity.ts", "TypeScript", 0, 0, 0, 0, 6, 0, 0, 0, 5, 11
"c:\Users\kunal\Desktop\perojecccttt\wms-project\wms-backend\src\modules\partner\farmer\farmer.controller.ts", "TypeScript", 0, 0, 0, 0, 3, 0, 0, 0, 3, 6
"c:\Users\kunal\Desktop\perojecccttt\wms-project\wms-backend\src\modules\partner\farmer\farmer.module.ts", "TypeScript", 0, 0, 0, 0, 9, 0, 0, 0, 3, 12
"c:\Users\kunal\Desktop\perojecccttt\wms-project\wms-backend\src\modules\partner\farmer\farmer.service.ts", "TypeScript", 0, 0, 0, 0, 3, 0, 0, 0, 3, 6
"c:\Users\kunal\Desktop\perojecccttt\wms-project\wms-backend\src\modules\partner\transporter\entities\transporter.entity.ts", "TypeScript", 0, 0, 0, 0, 6, 0, 0, 0, 5, 11
"c:\Users\kunal\Desktop\perojecccttt\wms-project\wms-backend\src\modules\partner\transporter\transporter.controller.ts", "TypeScript", 0, 0, 0, 0, 3, 0, 0, 0, 3, 6
"c:\Users\kunal\Desktop\perojecccttt\wms-project\wms-backend\src\modules\partner\transporter\transporter.module.ts", "TypeScript", 0, 0, 0, 0, 9, 0, 0, 0, 3, 12
"c:\Users\kunal\Desktop\perojecccttt\wms-project\wms-backend\src\modules\partner\transporter\transporter.service.ts", "TypeScript", 0, 0, 0, 0, 3, 0, 0, 0, 3, 6
"c:\Users\kunal\Desktop\perojecccttt\wms-project\wms-backend\src\modules\role\entities\role.entity.ts", "TypeScript", 0, 0, 0, 0, 6, 0, 0, 0, 5, 11
"c:\Users\kunal\Desktop\perojecccttt\wms-project\wms-backend\src\modules\role\role.controller.ts", "TypeScript", 0, 0, 0, 0, 3, 0, 0, 0, 3, 6
"c:\Users\kunal\Desktop\perojecccttt\wms-project\wms-backend\src\modules\role\role.module.ts", "TypeScript", 0, 0, 0, 0, 9, 0, 0, 0, 3, 12
"c:\Users\kunal\Desktop\perojecccttt\wms-project\wms-backend\src\modules\role\role.service.ts", "TypeScript", 0, 0, 0, 0, 3, 0, 0, 0, 3, 6
"c:\Users\kunal\Desktop\perojecccttt\wms-project\wms-backend\src\modules\user\dto\create-user.dto.ts", "TypeScript", 0, 0, 0, 0, 9, 0, 0, 0, 4, 13
"c:\Users\kunal\Desktop\perojecccttt\wms-project\wms-backend\src\modules\user\dto\login-user.dto.ts", "TypeScript", 0, 0, 0, 0, 11, 0, 0, 0, 4, 15
"c:\Users\kunal\Desktop\perojecccttt\wms-project\wms-backend\src\modules\user\entities\user.entity.ts", "TypeScript", 0, 0, 0, 0, 24, 0, 0, 0, 8, 32
"c:\Users\kunal\Desktop\perojecccttt\wms-project\wms-backend\src\modules\user\user.controller.ts", "TypeScript", 0, 0, 0, 0, 17, 0, 0, 0, 3, 20
"c:\Users\kunal\Desktop\perojecccttt\wms-project\wms-backend\src\modules\user\user.module.ts", "TypeScript", 0, 0, 0, 0, 12, 0, 0, 0, 2, 14
"c:\Users\kunal\Desktop\perojecccttt\wms-project\wms-backend\src\modules\user\user.service.ts", "TypeScript", 0, 0, 0, 0, 47, 0, 0, 0, 13, 60
"c:\Users\kunal\Desktop\perojecccttt\wms-project\wms-backend\test\app.e2e-spec.ts", "TypeScript", 0, 0, 0, 0, 21, 0, 0, 0, 5, 26
"c:\Users\kunal\Desktop\perojecccttt\wms-project\wms-backend\test\jest-e2e.json", "JSON", 0, 9, 0, 0, 0, 0, 0, 0, 1, 10
"c:\Users\kunal\Desktop\perojecccttt\wms-project\wms-backend\tools\generate-resources.ts", "TypeScript", 0, 0, 0, 0, 186, 0, 0, 10, 42, 238
"c:\Users\kunal\Desktop\perojecccttt\wms-project\wms-backend\tsconfig.build.json", "JSON", 0, 4, 0, 0, 0, 0, 0, 0, 1, 5
"c:\Users\kunal\Desktop\perojecccttt\wms-project\wms-backend\tsconfig.json", "JSON with Comments", 28, 0, 0, 0, 0, 0, 0, 0, 1, 29
"c:\Users\kunal\Desktop\perojecccttt\wms-project\wms-frontend\README.md", "Markdown", 0, 0, 1, 0, 0, 0, 0, 0, 0, 1
"Total", "-", 28, 12160, 71, 24, 3360, 33, 31, 343, 1233, 17283